"","Continent","Coal","Oil","Cement"
"1","Africa",0.252234052631579,0.736002684210526,0.0451111754385965
"2","Antarctica",0,0,0
"3","Asia",1.34643892156863,2.04299362745098,0.211223392156863
"4","Europe",1.47922111627907,3.25635213953488,0.182357534883721
"5","North America",0.197950947368421,4.58719363157895,0.0479114473684211
"6","Oceania",0.863066421052632,3.33332389473684,0.0160896315789474
"7","South America",0.186477538461538,1.92815084615385,0.0908910769230769
