Year,co2_emissions,temp_change
2010,33364.3465,0.9994551971
2011,34487.01162,0.8258007766
2012,35006.26758,0.8315937873
2013,35319.20162,0.9242649343
2014,35577.53477,1.061746117
2015,35558.56574,1.24630914
2016,35524.19321,1.332841398
2017,36096.73928,1.206060932
2018,36826.5066,1.217938769
2019,37082.55897,1.373304958