Year,co2_emissions,temp_change
2010,4.776158,0.9994551971
2011,4.875781,0.8258007766
2012,4.887984,0.8315937873
2013,4.871215,0.9242649343
2014,4.847727,1.061746117
2015,4.788002,1.24630914
2016,4.728065,1.332841398
2017,4.749682,1.206060932
2018,4.792753,1.217938769
2019,4.775633,1.373304958